email,password
christine.kelly10@hotmail.com,password123
timothy.phillips817@hotmail.com,password123
barbara.patterson945@hotmail.com,password123
jason.cruz963@gmail.com,password123
anthony.jackson7@outlook.com,password123
samantha.thompson887@outlook.com,password123
debra.bennett166@outlook.com,password123
nancy.edwards563@outlook.com,password123
carolyn.parker858@outlook.com,password123
patricia.smith647@hotmail.com,password123
brandon.brown184@hotmail.com,password123
kimberly.jackson170@outlook.com,password123
alexander.cooper546@gmail.com,password123
donna.nguyen928@outlook.com,password123
jonathan.cox938@yahoo.com,password123
emily.ramos148@gmail.com,password123
helen.flores257@outlook.com,password123
anna.williams520@gmail.com,password123
ashley.jones289@gmail.com,password123
george.wilson530@hotmail.com,password123
patrick.wilson948@outlook.com,password123
anna.edwards393@outlook.com,password123
jonathan.diaz369@gmail.com,password123
jennifer.lee751@yahoo.com,password123
nancy.campbell694@hotmail.com,password123
justin.martinez386@outlook.com,password123
ashley.taylor955@yahoo.com,password123
nicole.thompson136@yahoo.com,password123
carol.james515@gmail.com,password123
deborah.ramirez203@gmail.com,password123
raymond.allen969@yahoo.com,password123
mary.nguyen714@yahoo.com,password123
helen.torres34@gmail.com,password123
richard.turner280@gmail.com,password123
donna.martin249@yahoo.com,password123
jacob.collins608@yahoo.com,password123
sarah.coleman607@hotmail.com,password123
joshua.ramirez280@gmail.com,password123
alexander.carter730@gmail.com,password123
christine.parker535@yahoo.com,password123
melissa.lee882@hotmail.com,password123
steven.allen212@gmail.com,password123
christine.patterson488@gmail.com,password123
thomas.bailey294@hotmail.com,password123
george.coleman945@gmail.com,password123
ronald.jackson474@gmail.com,password123
justin.patterson902@gmail.com,password123
sharon.robinson167@outlook.com,password123
larry.king862@outlook.com,password123
carolyn.ward211@gmail.com,password123
jeffrey.davis728@gmail.com,password123
charles.brooks484@outlook.com,password123
elizabeth.lee239@yahoo.com,password123
anthony.lewis751@gmail.com,password123
james.rodriguez883@outlook.com,password123
larry.johnson134@hotmail.com,password123
linda.carter159@hotmail.com,password123
amanda.reed187@gmail.com,password123
pamela.kim114@yahoo.com,password123
mark.gray802@hotmail.com,password123
stephanie.hall332@yahoo.com,password123
helen.white52@hotmail.com,password123
linda.harris252@outlook.com,password123
daniel.morales688@hotmail.com,password123
margaret.rivera731@gmail.com,password123
patricia.bennett120@hotmail.com,password123
benjamin.reed501@outlook.com,password123
scott.jackson864@hotmail.com,password123
george.baker403@outlook.com,password123
donald.harris287@hotmail.com,password123
carol.clark688@hotmail.com,password123
gary.jenkins849@hotmail.com,password123
amanda.ward902@hotmail.com,password123
anna.clark534@gmail.com,password123
ruth.thompson31@hotmail.com,password123
mary.evans377@outlook.com,password123
anna.young196@hotmail.com,password123
michael.gonzalez168@gmail.com,password123
debra.morris817@outlook.com,password123
ruth.cox743@hotmail.com,password123
jonathan.moore246@outlook.com,password123
margaret.phillips941@hotmail.com,password123
elizabeth.torres316@hotmail.com,password123
brian.ross919@outlook.com,password123
emily.flores430@hotmail.com,password123
brandon.sanchez888@gmail.com,password123
debra.jenkins160@outlook.com,password123
george.taylor323@yahoo.com,password123
justin.jenkins754@hotmail.com,password123
dennis.turner24@outlook.com,password123
pamela.edwards932@outlook.com,password123
nicole.jones336@yahoo.com,password123
nicholas.long249@outlook.com,password123
lisa.green853@outlook.com,password123
helen.sanders781@outlook.com,password123
samuel.hall539@gmail.com,password123
gregory.price368@gmail.com,password123
jessica.green754@gmail.com,password123
andrew.brooks904@yahoo.com,password123
kevin.scott807@gmail.com,password123
